value,n,breaches,breach_rate,ci_low,ci_high,small_sample_flag
20,2136,296,0.13857677902621723,0.12457225714667534,0.1538789600519452,False
21,2153,305,0.14166279609846724,0.1275709766924285,0.1570310538881256,False
22,2196,290,0.1320582877959927,0.11853869473285882,0.14686291249645655,False
23,2087,299,0.14326784858648778,0.1288919254558793,0.15895460460104494,False
24,2210,318,0.14389140271493212,0.12987595683120245,0.15914268823543004,False
25,2174,306,0.140754369825207,0.1267685242332449,0.15600755036411065,False
26,2159,301,0.1394163964798518,0.12544493262888637,0.1546687374461426,False
27,2150,299,0.13906976744186048,0.12508625491666175,0.1543407457829274,False
28,2179,323,0.14823313446535108,0.13393303470166035,0.16377134332118454,False
29,2191,312,0.14240073026015518,0.12839330326620152,0.15765991315064087,False
30,2226,706,0.31716082659478884,0.2981575610358514,0.33679406443508947,False
31,2120,729,0.3438679245283019,0.3239470892189552,0.3643535618251257,False
32,2202,748,0.33969118982742963,0.3202043136742077,0.35973641951998664,False
33,2187,713,0.32601737540009146,0.306691558753577,0.3459533202557704,False
34,2166,710,0.32779316712834716,0.30834485024698705,0.34785122944012065,False
35,2262,769,0.33996463306808133,0.32072961221526913,0.3597422949512538,False
36,2260,744,0.3292035398230089,0.3101335371468397,0.34885318341522703,False
37,2227,718,0.3224068253255501,0.3033147536095772,0.3421105199469973,False
38,2219,702,0.3163587201442091,0.2973405402235281,0.3360116285665979,False
39,2144,740,0.3451492537313433,0.3253184882798078,0.3655339267003094,False
