cut,n_below,n_at_or_above,rate_below,rate_at_or_above,risk_diff_pts,rd_ci_low_pts,rd_ci_high_pts,risk_ratio,rr_ci_low,rr_ci_high
21,2136,41512,0.13857677902621723,0.24166506070533822,-10.308828167912099,-11.830813793877775,-8.786842541946422,0.5734249652049771,0.5151868841646061,0.6382464321728927
22,4289,39359,0.14012590347400328,0.24713534388576947,-10.70094404117662,-11.823785908816168,-9.57810217353707,0.5670006615434661,0.5254451164102839,0.6118426837555742
23,6485,37163,0.13739398612181958,0.2539353658208433,-11.654137969902372,-12.601703263474223,-10.706572676330522,0.5410588859007291,0.5078078213961977,0.5764872175604702
24,8572,35076,0.13882407839477368,0.2605200136845707,-12.1695935289797,-13.033738486025664,-11.305448571933734,0.5328729890320728,0.5040561991589272,0.5633372288919036
25,10782,32866,0.1398627341866073,0.26836244142883225,-12.849970724222496,-13.661208060443746,-12.038733388001242,0.5211710455529518,0.4957049019602415,0.5479454765297892
26,12956,30692,0.14001234949058353,0.2774012772057865,-13.738892771520298,-14.518571508679887,-12.959214034360707,0.504728568306905,0.4818740924536824,0.528666993421367
27,15115,28533,0.13992722461131327,0.28784214768864125,-14.791492307732797,-15.55427870364654,-14.028705911819056,0.48612486300189955,0.4654157759872344,0.5077554191783509
28,17265,26383,0.13982044598899507,0.29996588712428457,-16.01454411352895,-16.771742661238488,-15.257345565819413,0.4661211557401639,0.4472465944897126,0.48579225533609655
29,19444,24204,0.14076321744497017,0.3136258469674434,-17.286262952247323,-18.04823629143584,-16.524289613058805,0.4488253082647949,0.43148024856723105,0.46686762142160987
30,21635,22013,0.14092905015021956,0.33066824149366286,-18.97391913434433,-19.749289923913686,-18.198548344774977,0.42619469445758795,0.4103486363958464,0.44265266525358765
31,23861,19787,0.15736976656468715,0.33218780007075355,-17.48180335060664,-18.28440152165563,-16.67920517955765,0.4737373453545511,0.4572658234104541,0.4908022005880931
32,25981,17667,0.17258766021323274,0.3307862115809136,-15.819855136768085,-16.652005220898943,-14.987705052637226,0.5217498619074576,0.5043624496366906,0.5397366885590759
33,28183,15465,0.1856438278394777,0.3295182670546395,-14.38744392151618,-15.256272476436386,-13.518615366595974,0.5633794736141136,0.5449733214517538,0.5824072826981762
34,30370,13278,0.19575238722423444,0.3300948938093086,-13.434250658507418,-14.350161749403314,-12.518339567611521,0.5930185255677356,0.5736140843204296,0.6130793878312135
35,32536,11112,0.20454266043766905,0.3305435565154788,-12.600089607780973,-13.57839989845566,-11.621779317106288,0.6188069814275465,0.5980920013706984,0.6402394270210884
36,34798,8850,0.21334559457440083,0.328135593220339,-11.478999864593813,-12.54774628171558,-10.410253447472046,0.6501751074323167,0.6271868657522088,0.6740059357232095
37,37058,6590,0.22041124723406552,0.3277693474962064,-10.735810026214088,-11.945153576063936,-9.52646647636424,0.6724583885520795,0.6463982903680289,0.6995691218128035
38,39285,4363,0.22619320351279115,0.3305065322026129,-10.431332868982174,-11.887138130787314,-8.975527607177034,0.6843834583400192,0.6536004505604539,0.7166162716806797
39,41504,2144,0.23101387818041635,0.3451492537313433,-11.413537555092695,-13.466365533343877,-9.360709576841513,0.6693158848902874,0.6297775227932672,0.7113365236973137
