order_hour,n,breaches,mean_delivery_minutes,breach_rate,ci_low,ci_high,share_of_deliveries,share_of_breaches,modal_traffic,modal_traffic_share
0,429,33,103.64102564102564,0.07692307692307693,0.05529531216264534,0.10606043922720977,0.009828629032258064,0.0031951975213013167,Low,1.0
8,1810,27,93.03922651933702,0.014917127071823204,0.010272029380994602,0.021616898143189855,0.041468108504398825,0.0026142525174283502,Low,1.0
9,1934,8,92.51913133402275,0.004136504653567736,0.0020975104986078073,0.008141437961483956,0.04430901759530792,0.000774593338497289,Low,1.0
10,1980,16,93.01717171717172,0.00808080808080808,0.0049801570742231595,0.013086538054731494,0.04536290322580645,0.001549186676994578,Low,1.0
11,1950,393,125.41128205128206,0.20153846153846153,0.18432831741068822,0.21992221952767171,0.04467558651026393,0.03805189775367932,High,0.9015384615384615
12,888,194,128.48536036036037,0.21846846846846846,0.19253513059550967,0.2468271068797885,0.02034457478005865,0.018783888458559255,High,1.0
13,779,174,131.400513478819,0.2233632862644416,0.1955131804841008,0.2539283441775122,0.017847324046920823,0.016847405112316034,High,1.0
14,785,184,130.35668789808918,0.23439490445859873,0.20609833042747178,0.26527833805619466,0.017984787390029327,0.017815646785437646,High,1.0
15,871,75,109.93685419058554,0.08610792192881746,0.06924785832196481,0.10660281412796213,0.019955095307917888,0.007261812548412083,Medium,0.9012629161882894
16,706,52,109.47167138810198,0.07365439093484419,0.05660805857345466,0.0953152441311495,0.016174853372434017,0.005034856700232378,Medium,1.0
17,4247,1174,130.04379562043795,0.2764304214739816,0.2631864713402792,0.29007844846530745,0.09730113636363637,0.11367157242447715,Medium,1.0
18,4467,1210,129.37206178643385,0.2708753078128498,0.25804385028127563,0.2841005046787072,0.10234145894428152,0.11715724244771494,Medium,1.0
19,4579,1911,146.72876173837082,0.4173400305743612,0.40313227094445375,0.43168636574589353,0.1049074413489736,0.18503098373353988,Jam,0.9076217514741209
20,4504,1930,148.5968028419183,0.42850799289520425,0.4141227644152541,0.44301506842936467,0.10318914956011731,0.18687064291247096,Jam,1.0
21,4663,1950,146.42762170276646,0.4181857173493459,0.4041010471450731,0.43240507659352734,0.10683192815249266,0.18880712625871418,Jam,1.0
22,4558,548,110.4012724879333,0.12022817025010969,0.11110485430529117,0.12999108660998562,0.10442631964809385,0.05305964368706429,Low,0.9118034225537517
23,4498,449,107.2843485993775,0.09982214317474433,0.091400461613479,0.10892677493406064,0.1030516862170088,0.04347405112316034,Low,1.0
