model,term,coef,std_err,odds_ratio,or_ci_low,or_ci_high,z,p_value,or_ci_low_clustered,or_ci_high_clustered,p_value_clustered
C,const,-3.2731039547459746,0.09438358851465722,0.037888639743319484,0.031489775001694656,0.04558778274921917,-34.678740300679294,1.648090024146142e-263,0.027231749883181822,0.05271600347966019,4.824342083605461e-84
C,traffic[High],0.7205170047344757,0.14344279481945818,2.0554956369565063,1.5517359826942603,2.722797151491783,5.023026814566337,5.086344001971446e-07,1.434408936882817,2.9455075222334575,8.661647760184627e-05
C,traffic[Jam],0.368452402798398,0.11212194240056116,1.4454958374345297,1.160321861934891,1.8007574316976867,3.286175702184,0.001015576404607769,0.9625934241029799,2.170654986540837,0.0757031354259472
C,traffic[Medium],-0.36050057417753584,0.14846109114985315,0.6973271747132894,0.521274259504256,0.9328394405203665,-2.4282495257538894,0.015171900860412995,0.5399560892138978,0.900564320520126,0.005735223417712941
C,weather[Cloudy],0.38740418778810476,0.11084958957842185,1.4731518009245435,1.1854743436748068,1.8306395580354604,3.494863528692013,0.0004743042074378398,1.2486272135509575,1.738049759780171,4.394311708900085e-06
C,weather[Fog],0.4810625166934107,0.1096792387500737,1.617792420773099,1.3048592217363244,2.005773705785832,4.386085481406457,1.1540878194801763e-05,1.3396187746772827,1.9537291998176018,5.815865550027812e-07
C,weather[Sandstorms],-3.2443286630214048,0.22271939378355918,0.038994734178942704,0.02520152794673839,0.06033718657456238,-14.566888890575349,4.561984278951577e-48,0.021763156517003095,0.06986988732532425,1.1141580297109072e-27
C,weather[Stormy],-3.225592967574483,0.21569815818279034,0.03973221467474311,0.0260339561013368,0.06063807117193422,-14.95419800868675,1.462327584559176e-50,0.0232427397218022,0.06792008609376908,4.336655355041049e-32
C,weather[Windy],-2.7376371817631178,0.18777505669625066,0.06472309527363396,0.044794517240160855,0.09351767403453895,-14.579344189423326,3.8015099581417355e-48,0.03899664756966404,0.10742151756292592,3.29312578618674e-26
C,area[Other],-0.7658242965280538,0.1243807840061516,0.46495051587620245,0.36436245417565377,0.5933075149102219,-6.1570949455518615,7.409143404870145e-10,0.37676246168201316,0.5737805758260532,9.55144112083482e-13
C,area[Urban],-0.4869355258884774,0.04157730768593794,0.6145066514378097,0.5664165306680267,0.666679738700334,-11.711569435102364,1.1120194096241632e-31,0.5643986567713544,0.669063294412283,3.246186148462325e-29
C,vehicle[scooter],-0.9587916349630285,0.03621144496885712,0.3833558400038288,0.35709095171899896,0.411552573252228,-26.477585630388866,1.7564990576457803e-154,0.34424060558258257,0.4269156447024241,2.8412825947988374e-68
C,vehicle[van],-1.0870506480346527,0.06477647270706559,0.33720957824126463,0.29700384278709824,0.38285800813413284,-16.78156593908024,3.3293960284278323e-63,0.29022911906974397,0.39179493781368724,9.076271265412059e-46
C,rating_lt_4_5,2.8421623624316403,0.03847725725019428,17.15281606943494,15.906825979662791,18.49640522176019,73.86603322453004,0.0,15.834573333156639,18.580803721170593,0.0
C,age_ge_30,1.1427034699057146,0.03279035025067444,3.1352329260509126,2.940076391081076,3.3433435710761787,34.84877292160706,4.443830136761223e-266,2.7727092541497766,3.545155513828998,3.1748546745681358e-74
C,prep_per_5min,-0.003471669855301385,0.018934120509829556,0.9965343494228271,0.9602305528515417,1.0342106972439926,-0.1833552212525047,0.8545193084359768,0.9592459487681362,1.0352722478055727,0.8583909953584031
C,traffic[High]:weather[Cloudy],-0.04530807453966794,0.1939751053750415,0.9557030087111252,0.6534480167606833,1.39776725528575,-0.23357674920225954,0.8153135799244806,0.6798655295415361,1.3434542584846483,0.794278025925707
C,traffic[High]:weather[Fog],-0.29140774724456203,0.19437574159640417,0.7472109426918291,0.5104935887400026,1.0936948184921664,-1.4991981244739487,0.13382224146641916,0.5464419894160952,1.0217446749928814,0.06796688221320359
C,traffic[High]:weather[Sandstorms],3.5885935031222833,0.2777490926052923,36.18314863475283,20.99355078072868,62.36297321968198,12.920270843952004,3.459216559086361e-38,19.32433843954156,67.74980935159378,3.4949611714967574e-29
C,traffic[High]:weather[Stormy],3.8596126752349087,0.2676162470662478,47.446970422712226,28.08103589451004,80.16851695751906,14.42219116943027,3.7523774976895844e-47,25.964184643299358,86.70462921217538,4.112755548551587e-36
C,traffic[High]:weather[Windy],3.1139614654799637,0.24880458351691115,22.51004075577227,13.822717614422402,36.657186304511065,12.515691718630693,6.12717660810639e-36,12.340569706896455,41.059849493282414,3.1808190187312793e-24
C,traffic[Jam]:weather[Cloudy],2.634491645951048,0.14410474938294196,13.936226125153325,10.507103236538407,18.48448561312431,18.28178222599858,1.1558659921881665e-74,7.388680901890713,26.285936717297794,4.0394491771005987e-16
C,traffic[Jam]:weather[Fog],2.664304628456744,0.14298101527974172,14.35796195569302,10.848935754529574,19.001962605876553,18.63397475003268,1.7038787531568924e-77,7.844510582659551,26.279660069148125,5.6915627945206855e-18
C,traffic[Jam]:weather[Sandstorms],4.399192474486029,0.24260369853251107,81.38512156019117,50.58716878671826,130.93316289932622,18.13324570522365,1.7416885187634083e-73,39.23215287121372,168.8293281561681,3.2177834450120546e-32
C,traffic[Jam]:weather[Stormy],4.455652033408009,0.236436290825901,86.1122806277122,54.17640159735648,136.87370619439,18.84504285633931,3.2270380079172874e-79,44.41012535999134,166.97374337038582,1.0282128821791714e-39
C,traffic[Jam]:weather[Windy],4.099953411618749,0.21102782548536642,60.337476506521185,39.89880900420447,91.24610889491352,19.42849670269221,4.4315153206293275e-84,31.554939297529437,115.37373077627926,2.7266815709303423e-35
C,traffic[Medium]:weather[Cloudy],2.2363871862699685,0.17522289646558242,9.359456160305022,6.638968598889663,13.19473323481636,12.763099066275528,2.635051424988931e-37,6.354516609990953,13.785378966346949,1.0480275977257758e-29
C,traffic[Medium]:weather[Fog],2.213074228667257,0.17444696937088314,9.143783309653445,6.495856106286329,12.871093793624057,12.6862291540425,7.04991197858334e-37,6.169470904393878,13.552016778999802,2.9250534912735896e-28
C,traffic[Medium]:weather[Sandstorms],4.436796113422062,0.2652317285470593,84.50376701444428,50.247031869073346,142.1155911903055,16.72799908867183,8.194527648823945e-63,45.73499952722636,156.13614766477605,1.5223661210865187e-45
C,traffic[Medium]:weather[Stormy],4.384259248416369,0.25877863227329545,80.17880863042822,48.28217520604554,133.14730179326898,16.942122345658603,2.2004079812629687e-64,45.115160382147515,142.4940374574997,1.72314046875028e-50
C,traffic[Medium]:weather[Windy],4.0233782562298686,0.23560803161639007,55.889596640433886,35.21932718909187,88.69127442042264,17.076575143162405,2.2175930621568655e-65,33.43153337697861,93.43415324112479,3.8018062688088726e-53
