variable,level,standardized_rate,ci_low,ci_high
traffic,High,0.3926863706747344,0.32451558419067217,0.4778805689324353
traffic,Jam,0.3119156087561003,0.29580384952391586,0.3308621301130125
traffic,Low,0.08520742297691554,0.07449677767629222,0.09824855143406301
traffic,Medium,0.23554807500834238,0.21698467893376755,0.2585850355257688
weather,Cloudy,0.3491413866418659,0.34076689531850507,0.3589093971148932
weather,Fog,0.36047394088467827,0.3521250849886206,0.3696695614886088
weather,Sandstorms,0.17306318595304748,0.1666579591646982,0.18033585865409382
weather,Stormy,0.1787028890182884,0.17243579349048363,0.18575194237154355
weather,Sunny,0.13161589365864465,0.12501695243700306,0.1382475857938766
weather,Windy,0.18629315107186104,0.17935061007311526,0.19389642235920362
area,Metropolitian,0.24354854543216645,0.24041312658508712,0.2469925864116007
area,Other,0.17303025269987554,0.15431594428724374,0.19398367863618082
area,Urban,0.19911758515695918,0.19235645969057388,0.20646002715847098
vehicle,motorcycle,0.2693033232363613,0.2656743544671945,0.27306856818032005
vehicle,scooter,0.18039509161252137,0.17587170105808506,0.1859568539437282
vehicle,van,0.16951298455202693,0.1606375068368375,0.17856129559282063
hour_band,1_00-07 overnight,0.24873497146071968,0.20188719436817779,0.2998511200095984
hour_band,2_08-10 morning,0.0711565518202084,0.05536858634417406,0.09007285732221144
hour_band,3_11-14 midday,0.11532630239898431,0.08554450920500728,0.15005781872964435
hour_band,4_15-16 afternoon,0.11279635437493643,0.09631239362669819,0.13123973000982192
hour_band,5_17-18 early evening,0.2673842694735258,0.24625089140190043,0.2895511447043577
hour_band,6_19-21 evening peak,0.27792179238866327,0.26066836049705056,0.29538983068615793
hour_band,7_22-23 late evening,0.2781493310174745,0.25256797917925994,0.3041509201035148
rating_lt_4_5,0,0.15538620794892075,0.15210452657281584,0.1590461550861628
rating_lt_4_5,1,0.5274785082003461,0.5187058522063515,0.5373473520141209
age_ge_30,0,0.17248590642603592,0.16819088114683645,0.17707476957762003
age_ge_30,1,0.28891831516278127,0.28436315072503704,0.29355393217419873
prep_per_5min,1.0,0.23474570896113398,0.23031633208413774,0.23916366608022863
prep_per_5min,2.0,0.2339852385910747,0.23097497552051618,0.23688155389619925
prep_per_5min,3.0,0.2332261994608438,0.2284951359221497,0.23776626237486262
