area,traffic,breaches,n,segment,rank,breach_rate,share_of_breaches,cumulative_share,share_of_deliveries
Metropolitian,Jam,4877,10763,Metropolitian / Jam,1,0.45312645173278826,0.4722114639814098,0.4722114639814098,0.24658632697947214
Metropolitian,Medium,2205,8080,Metropolitian / Medium,2,0.2728960396039604,0.21349728892331526,0.685708752904725,0.18511730205278593
Metropolitian,High,799,3271,Metropolitian / High,3,0.24426780800978293,0.07736250968241673,0.7630712625871418,0.07494043255131964
Urban,Jam,782,2555,Urban / Jam,4,0.30606653620352253,0.07571649883810999,0.8387877614252517,0.05853647360703812
Metropolitian,Low,767,10520,Metropolitian / Low,5,0.07290874524714828,0.07426413632842757,0.9130518977536792,0.24101906158357772
Urban,Medium,354,2286,Urban / Medium,6,0.15485564304461943,0.03427575522850503,0.9473276529821842,0.05237353372434018
Urban,High,131,914,Urban / High,7,0.14332603938730853,0.012683965917893105,0.9600116189000774,0.02094024926686217
Urban,Low,131,3971,Urban / Low,8,0.03298917149332662,0.012683965917893105,0.9726955848179705,0.09097782258064516
Semi-Urban,Jam,126,126,Semi-Urban / Jam,9,1.0,0.012199845081332301,0.9848954298993028,0.0028867302052785924
Other,Jam,59,281,Other / Jam,10,0.2099644128113879,0.005712625871417506,0.9906080557707203,0.006437866568914956
Other,Medium,42,252,Other / Medium,11,0.16666666666666666,0.004066615027110767,0.9946746707978311,0.005773460410557185
Semi-Urban,High,16,16,Semi-Urban / High,12,1.0,0.001549186676994578,0.9962238574748257,0.00036656891495601173
Other,High,15,95,Other / High,13,0.15789473684210525,0.0014523625096824167,0.9976762199845081,0.0021765029325513194
Other,Low,14,508,Other / Low,14,0.027559055118110236,0.0013555383423702555,0.9990317583268783,0.011638563049853373
Semi-Urban,Medium,10,10,Semi-Urban / Medium,15,1.0,0.0009682416731216112,0.9999999999999999,0.00022910557184750734
