metric,independent_csv,pandas_outputs,sql,powerbi_v1_displayed,status,notes
adverse_vs_clear_delta_minutes,25.36289158277974,,,25.36,PASS,
age_best_cut,30.0,30.0,30.0,,PASS,
analysis_population_events,10165.0,10165.0,,,PASS,
analysis_population_rows,43442.0,43442.0,43442.0,,PASS,
avg_delivery_by_age_18-25,109.18570546464959,,,109.0,PASS,
avg_delivery_by_age_26-35,128.15319109971614,,,128.0,PASS,
avg_delivery_by_age_36-45,139.94745762711864,,,140.0,PASS,
avg_delivery_by_rating_2.5,175.45098039215685,,,175.0,PASS,
avg_delivery_by_rating_3.0,177.47107438016528,,,177.0,PASS,
avg_delivery_by_rating_3.5,174.07685352622062,,,174.0,PASS,
avg_delivery_by_rating_4.0,165.0640776699029,,,165.0,PASS,
avg_delivery_by_rating_4.5,114.81538607715208,,,115.0,PASS,
avg_delivery_by_rating_5.0,120.97672672672672,,,121.0,PASS,
avg_delivery_minutes,124.91447489002933,124.91447489002933,,124.91,PASS,
breach_rate_pct,23.662023460410555,23.662023460410555,,24.0,PASS,
breach_rate_pct_area_Metropolitian,26.499969357112214,26.499969357112207,26.5,26.0,PASS,
breach_rate_pct_area_Other,11.443661971830986,11.44366197183098,11.4437,11.0,PASS,
breach_rate_pct_area_Semi-Urban,100.0,100.0,100.0,100.0,PASS,
breach_rate_pct_area_Urban,14.373843306600863,14.37384330660086,14.3738,14.0,PASS,
breach_rate_pct_hour_0,7.6923076923076925,7.69230769230769,7.6923,,PASS,
breach_rate_pct_hour_10,0.8080808080808081,0.8080808080808,0.8081,,PASS,
breach_rate_pct_hour_11,20.153846153846153,20.15384615384615,20.1538,,PASS,
breach_rate_pct_hour_12,21.846846846846848,21.84684684684684,21.8468,,PASS,
breach_rate_pct_hour_13,22.33632862644416,22.33632862644416,22.3363,,PASS,
breach_rate_pct_hour_14,23.43949044585987,23.43949044585987,23.4395,,PASS,
breach_rate_pct_hour_15,8.610792192881744,8.61079219288174,8.6108,,PASS,
breach_rate_pct_hour_16,7.36543909348442,7.365439093484411,7.3654,,PASS,
breach_rate_pct_hour_17,27.643042147398162,27.643042147398162,27.643,,PASS,
breach_rate_pct_hour_18,27.08753078128498,27.08753078128498,27.0875,,PASS,
breach_rate_pct_hour_19,41.73400305743612,41.73400305743612,41.734,,PASS,
breach_rate_pct_hour_20,42.850799289520424,42.85079928952042,42.8508,,PASS,
breach_rate_pct_hour_21,41.818571734934594,41.81857173493459,41.8186,,PASS,
breach_rate_pct_hour_22,12.02281702501097,12.02281702501096,12.0228,,PASS,
breach_rate_pct_hour_23,9.982214317474433,9.98221431747443,9.9822,,PASS,
breach_rate_pct_hour_8,1.4917127071823204,1.49171270718232,1.4917,,PASS,
breach_rate_pct_hour_9,0.4136504653567735,0.41365046535677,0.4137,,PASS,
breach_rate_pct_p70,28.814607771261,28.814607771261,28.8146,,PASS,
breach_rate_pct_p75,23.662023460410555,23.66202346041056,23.662,,PASS,
breach_rate_pct_p80,19.03867302052786,19.03867302052786,19.0387,,PASS,
breach_rate_pct_p90,9.164222873900293,9.164222873900291,9.1642,,PASS,
breach_rate_pct_traffic_High,22.369646182495345,22.36964618249534,22.3696,,PASS,
breach_rate_pct_traffic_Jam,42.5792349726776,42.57923497267759,42.5792,,PASS,
breach_rate_pct_traffic_Low,6.080405360357357,6.08040536035735,6.0804,,PASS,
breach_rate_pct_traffic_Medium,24.56718103123824,24.56718103123824,24.5672,,PASS,
breach_rate_pct_weather_Cloudy,36.36114160263447,36.36114160263446,,36.0,PASS,
breach_rate_pct_weather_Fog,37.043010752688176,37.04301075268817,,37.0,PASS,
breach_rate_pct_weather_Sandstorms,19.061421670117323,19.06142167011732,,19.0,PASS,
breach_rate_pct_weather_Stormy,19.066992134526714,19.06699213452671,,19.0,PASS,
breach_rate_pct_weather_Sunny,9.692003390788358,9.692003390788349,,10.0,PASS,
breach_rate_pct_weather_Windy,20.06091651668282,20.06091651668282,,20.0,PASS,
breached_deliveries,10328.0,10328.0,10328.0,,PASS,
breached_p70,12577.0,12577.0,12577.0,,PASS,
breached_p75,10328.0,10328.0,10328.0,,PASS,
breached_p80,8310.0,8310.0,8310.0,,PASS,
breached_p90,4000.0,4000.0,4000.0,,PASS,
n_area_Metropolitian,32634.0,32634.0,32634.0,,PASS,
n_area_Other,1136.0,1136.0,1136.0,,PASS,
n_area_Semi-Urban,152.0,152.0,152.0,,PASS,
n_area_Urban,9726.0,9726.0,9726.0,,PASS,
n_hour_0,429.0,429.0,429.0,,PASS,
n_hour_10,1980.0,1980.0,1980.0,,PASS,
n_hour_11,1950.0,1950.0,1950.0,,PASS,
n_hour_12,888.0,888.0,888.0,,PASS,
n_hour_13,779.0,779.0,779.0,,PASS,
n_hour_14,785.0,785.0,785.0,,PASS,
n_hour_15,871.0,871.0,871.0,,PASS,
n_hour_16,706.0,706.0,706.0,,PASS,
n_hour_17,4247.0,4247.0,4247.0,,PASS,
n_hour_18,4467.0,4467.0,4467.0,,PASS,
n_hour_19,4579.0,4579.0,4579.0,,PASS,
n_hour_20,4504.0,4504.0,4504.0,,PASS,
n_hour_21,4663.0,4663.0,4663.0,,PASS,
n_hour_22,4558.0,4558.0,4558.0,,PASS,
n_hour_23,4498.0,4498.0,4498.0,,PASS,
n_hour_8,1810.0,1810.0,1810.0,,PASS,
n_hour_9,1934.0,1934.0,1934.0,,PASS,
n_traffic_High,4296.0,4296.0,4296.0,,PASS,
n_traffic_Jam,13725.0,13725.0,13725.0,,PASS,
n_traffic_Low,14999.0,14999.0,14999.0,,PASS,
n_traffic_Medium,10628.0,10628.0,10628.0,,PASS,
n_weather_Cloudy,7288.0,7288.0,,,PASS,
n_weather_Fog,7440.0,7440.0,,,PASS,
n_weather_Sandstorms,7245.0,7245.0,,,PASS,
n_weather_Stormy,7374.0,7374.0,,,PASS,
n_weather_Sunny,7078.0,7078.0,,,PASS,
n_weather_Windy,7223.0,7223.0,,,PASS,
on_time_rate_pct,76.33797653958945,76.33797653958945,,76.34,PASS,
p90_delivery_minutes,195.0,195.0,,,PASS,
pareto_breaches_rank_1,4877.0,4877.0,,4877.0,PASS,
pareto_breaches_rank_10,59.0,59.0,,59.0,PASS,
pareto_breaches_rank_11,42.0,42.0,,42.0,PASS,
pareto_breaches_rank_12,16.0,16.0,,16.0,PASS,
pareto_breaches_rank_13,15.0,15.0,,15.0,PASS,
pareto_breaches_rank_14,14.0,14.0,,14.0,PASS,
pareto_breaches_rank_15,10.0,10.0,,10.0,PASS,
pareto_breaches_rank_2,2205.0,2205.0,,2205.0,PASS,
pareto_breaches_rank_3,799.0,799.0,,799.0,PASS,
pareto_breaches_rank_4,782.0,782.0,,782.0,PASS,
pareto_breaches_rank_5,767.0,767.0,,767.0,PASS,
pareto_breaches_rank_6,354.0,354.0,,354.0,PASS,
pareto_breaches_rank_7,131.0,131.0,,131.0,PASS,
pareto_breaches_rank_8,131.0,131.0,,131.0,PASS,
pareto_breaches_rank_9,126.0,126.0,,126.0,PASS,
pareto_cumulative_pct_rank_1,47.221146398140974,47.22114639814098,,,PASS,
pareto_cumulative_pct_rank_10,99.06080557707203,99.06080557707205,,,PASS,
pareto_cumulative_pct_rank_11,99.46746707978312,99.46746707978312,,,PASS,
pareto_cumulative_pct_rank_12,99.62238574748257,99.62238574748255,,,PASS,
pareto_cumulative_pct_rank_13,99.7676219984508,99.76762199845079,,,PASS,
pareto_cumulative_pct_rank_14,99.90317583268784,99.90317583268784,,,PASS,
pareto_cumulative_pct_rank_15,100.0,100.0,,,PASS,
pareto_cumulative_pct_rank_2,68.5708752904725,68.5708752904725,,,PASS,
pareto_cumulative_pct_rank_3,76.30712625871418,76.30712625871418,,,PASS,
pareto_cumulative_pct_rank_4,83.87877614252517,83.87877614252517,,,PASS,
pareto_cumulative_pct_rank_5,91.30518977536794,91.30518977536792,,,PASS,
pareto_cumulative_pct_rank_6,94.73276529821844,94.73276529821842,,,PASS,
pareto_cumulative_pct_rank_7,96.00116189000775,96.00116189000774,,97.0,PBI_v1_DIFFERS,v1 Power BI display differs from the reconciled value
pareto_cumulative_pct_rank_8,97.26955848179706,97.26955848179703,,,PASS,
pareto_cumulative_pct_rank_9,98.48954298993029,98.48954298993029,,,PASS,
rating_best_cut,4.5,4.5,4.5,,PASS,
total_deliveries,43648.0,43648.0,43648.0,43648.0,PASS,
weekend_p_value,,0.9657720001825713,,,PASS,
sql_q29_checks_passed_of_14,14.0,,14.0,,PASS,
