variable,level,n,breaches,breach_rate,ci_low,ci_high,share_of_deliveries,share_of_breaches,lift,reference,risk_ratio,rr_ci_low,rr_ci_high,odds_ratio,or_ci_low,or_ci_high,small_sample_flag
traffic,Low,14999,912,0.06080405360357357,0.057090963205590234,0.06474205514881236,0.34363544721407624,0.08830364058869093,0.25696895155778265,Low,1.0,0.9148917251156423,1.0930255160779818,1.0,0.9096383317108159,1.0993380172526757,False
traffic,Medium,10628,2611,0.2456718103123824,0.23758039218577265,0.2539470143374954,0.2434934017595308,0.2528079008520527,1.0382535995850954,Low,4.040385397889719,3.7628079713802114,4.338439348392392,5.0305870037136,4.642795667788951,5.450768763636779,False
traffic,High,4296,961,0.22369646182495345,0.21148519101602625,0.23640142928482766,0.09842375366568915,0.09304802478698683,0.9453817937389203,Low,3.6789728409128037,3.3824987431444287,4.001432725320633,4.45093473000342,4.034817160070849,4.909967214078853,False
traffic,Jam,13725,5844,0.42579234972677593,0.4175419631166715,0.434084264332314,0.3144473973607038,0.5658404337722696,1.7994756468700925,Low,7.002696769245518,6.55656163345081,7.479188755248894,11.453878081194611,10.625935836435257,12.346331195510198,False
weather,Fog,7440,2756,0.3704301075268817,0.35952631422718784,0.38146763215577983,0.17045454545454544,0.266847405112316,1.5655047766589207,Sunny,3.822017931596602,3.5386392070390786,4.1280899845307815,5.482453759837472,5.00191490999965,6.009158446231572,False
weather,Cloudy,7288,2650,0.36361141602634467,0.3526420080553368,0.3747245273765076,0.16697214076246333,0.25658404337722696,1.5366877504568062,Sunny,3.751664143782023,3.472489594606616,4.0532832321803385,5.323874144002454,4.855546891772269,5.837372500553171,False
weather,Windy,7223,1449,0.2006091651668282,0.19153423469970418,0.21000238061913087,0.16548295454545456,0.14029821843532145,0.847810693377393,Sunny,2.069842086079898,1.9017206173920622,2.252826320610024,2.3383216812876864,2.12097814859044,2.5779371130314708,False
weather,Stormy,7374,1406,0.19066992134526717,0.18186583388269661,0.1997961297874729,0.1689424486803519,0.13613477924089853,0.8058056474514157,Sunny,1.9672911126556867,1.806521494858147,2.142368265724927,2.1951750443570766,1.9905310961681328,2.4208581743055912,False
weather,Sandstorms,7245,1381,0.19061421670117323,0.18173458835698184,0.19982175751330924,0.16598698680351906,0.1337141750580945,0.8055702295287382,Sunny,1.9667163641558372,1.8055687240551173,2.14224648749525,2.1943826838862615,1.989194776015899,2.4207359788991245,False
weather,Sunny,7078,686,0.09692003390788358,0.09024480460978507,0.10403255486245117,0.1621609237536657,0.06642137877614253,0.4096016305200719,Sunny,1.0,0.9043227113176133,1.1057999400932697,1.0,0.8946146321346755,1.1177997364226653,False
area,Semi-Urban,152,152,1.0,0.9753502126471109,0.9999999999999999,0.0034824046920821114,0.01471727343144849,4.226181254841208,Metropolitian,3.77358926919519,3.7060166249005646,3.842393980887001,,,,True
area,Metropolitian,32634,8648,0.26499969357112213,0.26023927662404994,0.26981542937260655,0.7476631231671554,0.8373353989155693,1.1199367375089406,Metropolitian,1.0,0.9747703067616138,1.0258827059701936,1.0,0.9658308715091729,1.0353779626420883,False
area,Urban,9726,1398,0.14373843306600864,0.1369068341453883,0.15085134471809852,0.22282807917888564,0.13536018590240123,0.6074646714238133,Metropolitian,0.5424098085888213,0.5150476539061704,0.571225590917767,0.4655953168029389,0.4377131081497098,0.49525361473681234,False
area,Other,1136,130,0.11443661971830986,0.09720971694487902,0.13426235031408043,0.026026392961876834,0.012587141750580944,0.48362989712091287,Metropolitian,0.4318368001719847,0.36696853254504624,0.5081716971465052,0.35841610834530285,0.29808482245301055,0.4309582274744711,False
vehicle,motorcycle,25519,7071,0.27708766017477177,0.27163031635972074,0.28261210534101405,0.5846545087976539,0.6846436870642912,1.1710226753784312,motorcycle,1.0,0.9723628107196942,1.0284227131844441,1.0,0.9619733069370635,1.0395298838218434,False
vehicle,scooter,14607,2648,0.18128294653248442,0.17511940598483194,0.18761408022524068,0.33465450879765396,0.25639039504260264,0.7661345904579667,motorcycle,0.6542440266670159,0.6287448488856949,0.6807773410598348,0.5776856340434069,0.5493831800948759,0.6074461393639701,False
vehicle,van,3522,609,0.17291311754684838,0.1607817638284187,0.18575720370342536,0.08069098240469208,0.058965917893106116,0.730762176092645,motorcycle,0.6240375967583118,0.5790053448102016,0.6725722407546039,0.5454378358334276,0.49772971084157114,0.597718854788938,False
category,Snacks,2767,689,0.2490061438380918,0.23324889071867777,0.2654593462400776,0.06339351173020528,0.066711851278079,1.052345097428837,Sports,1.1288556119482724,1.025642530155191,1.2424552952521293,1.1715801146587437,1.0337467956003739,1.327791264655504,False
category,Books,2817,693,0.24600638977635783,0.2304551560554445,0.26224940714313516,0.06453903958944282,0.06709914794732766,1.0396675930440034,Sports,1.115256392447669,1.0133265564677323,1.2274392819931943,1.1528612323564424,1.017523985875545,1.3061992046573518,False
category,Jewelry,2796,680,0.24320457796852646,0.2276618103139566,0.2594520062644829,0.06405791788856305,0.06584043377226956,1.0278266285021538,Sports,1.1025545332318984,1.001286720872508,1.2140643368274457,1.1355115665956466,1.001759261277513,1.2871221337431753,False
category,Electronics,2843,689,0.24234963067182555,0.2269528309565595,0.2584417647063556,0.06513471407624634,0.066711851278079,1.024213466262959,Sports,1.0986786768416708,0.9980317500246731,1.20947538484294,1.1302430261192524,0.997533063060223,1.2806084784520904,False
category,Pet Supplies,2684,650,0.2421758569299553,0.22634458977177718,0.2587440878144232,0.06149193548387097,0.06293570875290473,1.0234790669324836,Sports,1.0978908831724228,0.9960051867344097,1.2101989100128447,1.129173613783079,0.9948486026008946,1.281635262622413,False
category,Home,2680,648,0.2417910447761194,0.2259575596441852,0.25836369359104017,0.061400293255131966,0.0627420604182804,1.021852781021307,Sports,1.096146358508461,0.9943403790671197,1.2083757881769113,1.126807205119427,0.9926849509877161,1.2790507967766764,False
category,Outdoors,2741,660,0.24078803356439255,0.22515153821397102,0.2571500732566876,0.06279783724340177,0.06390395042602634,1.0176138738399114,Sports,1.0915992625302144,0.9906018912032216,1.20289387748812,1.1206504462255251,0.9878558394276724,1.2712962484010486,False
category,Clothing,2662,637,0.23929376408715253,0.2234691825811512,0.25586969730331927,0.06098790322580645,0.06167699457784663,1.0112988201855182,Sports,1.0848250743148338,0.983604004526873,1.196462637856241,1.111508319914117,0.9787871307492478,1.262226184249667,False
category,Shoes,2661,633,0.237880496054115,0.2220879057148553,0.2544287946004622,0.0609649926686217,0.061289697908597986,1.0053260933162287,Sports,1.0784181016767656,0.9776075453601114,1.189624208143485,1.1028947576735073,0.9710673546538021,1.2526184107356366,False
category,Toys,2773,647,0.23332131265777137,0.21795490404933907,0.24942556331514584,0.06353097507331379,0.06264523625096824,0.986058157909218,Sports,1.0577492953431742,0.9592282603093871,1.1663892924069146,1.0753239868234346,0.947608237353516,1.2202528756685633,False
category,Cosmetics,2670,621,0.23258426966292134,0.21695037063548084,0.24898655120811125,0.06117118768328446,0.06012780790085205,0.9829432806203708,Sports,1.0544079515989628,0.9552491650711783,1.1638598274119183,1.070897623606262,0.9425329997448095,1.2167443692221287,False
category,Kitchen,2667,618,0.23172103487064116,0.21610054338962137,0.24811325512170773,0.061102456011730207,0.05983733539891557,0.9792950939227097,Sports,1.0504945243048633,0.9515669890050452,1.1597068397132575,1.0657242051347342,0.9378694581732325,1.2110087086344539,False
category,Grocery,2688,620,0.23065476190476192,0.2151210148699293,0.24695726048497435,0.06158357771260997,0.06003098373353989,0.9747888311017668,Sports,1.0456606346552,0.9472304589441525,1.1543190493328315,1.0593499932075325,0.9323960075299013,1.2035898899672308,False
category,Skincare,2766,629,0.22740419378163412,0.2121679225604502,0.24339658449907803,0.06337060117302053,0.06090240123934934,0.9610513410322198,Sports,1.0309243634481775,0.9341100345985329,1.1377728573570118,1.0400265743086845,0.9159226212655147,1.1809461303333169,False
category,Apparel,2722,616,0.22630418809698752,0.21097686485342296,0.24240293638981128,0.062362536656891496,0.05964368706429125,0.9564025176275475,Sports,1.025937548379487,0.9290913783853663,1.1328787217938634,1.0335242197003625,0.9096413054317085,1.1742785934729483,False
category,Sports,2711,598,0.22058281077093322,0.20537597018138673,0.23658039339274836,0.06211052052785924,0.05790085205267235,0.9322229400203035,Sports,1.0,0.9047754186323259,1.1052466495073632,1.0,0.8795112631106806,1.1369951039207518,False
is_weekend,0,31627,7490,0.23682296771745662,0.23216973782229022,0.24154012153531618,0.7245921920821115,0.7252130131680867,1.0008567868833798,0,1.0,0.972408621931026,1.0283742630892994,1.0,0.9640024515767279,1.0373417602459354,False
is_weekend,1,12021,2838,0.23608684801597205,0.22858026091507097,0.24376205463822945,0.27540780791788855,0.27478698683191327,0.9977458115996466,0,0.9968916878773227,0.959955762834903,1.0352487852399235,0.9959310660974952,0.9478932524599307,1.0464033643493225,False
rating_group,rating < 4.5,8024,5185,0.6461864406779662,0.6356566594150851,0.656576316539155,0.18383431085043989,0.5020333075135553,2.7309010227257806,rating >= 4.5,4.4787318189624425,4.34617227563986,4.615334467668671,10.832104302696244,10.257697471843228,11.43867655939032,False
rating_group,no rating,54,11,0.2037037037037037,0.11774054087421391,0.3290230668833543,0.0012371700879765396,0.0010650658404337723,0.8608887741343203,rating >= 4.5,1.4118746571981178,0.8327459651923531,2.393755275869582,1.5172379415976363,0.7819167246692493,2.944061558981466,True
rating_group,rating >= 4.5,35570,5132,0.1442788867022772,0.14066577461970536,0.14796882422468616,0.8149285190615836,0.49690162664601084,0.6097487264505224,rating >= 4.5,1.0,0.9648409657345435,1.0364402378361801,1.0,0.9590359634261785,1.0427137647971787,False
age_group,age >= 30,22013,7279,0.33066824149366286,0.3244834828263585,0.3369120895611025,0.5043300953079178,0.7047831138652207,1.3974639237718238,age < 30,2.346345491871235,2.2591075994699326,2.4369521701915473,3.011477081075166,2.8718120768834257,3.1579344215596934,False
age_group,age < 30,21635,3049,0.14092905015021956,0.1363563303444245,0.14562925887636005,0.4956699046920821,0.29521688613477926,0.5955917100074345,age < 30,1.0,0.9545394173373607,1.047625673531062,1.0,0.9472815685416078,1.0556523352814253,False
