variable,percentile,n_levels,kendall_tau_vs_p75,same_highest_level_as_p75,same_lowest_level_as_p75,highest_breach_level,highest_breach_rate,lowest_breach_level,lowest_breach_rate
age_group,0.7,2,,True,True,age >= 30,0.40117203470676416,age < 30,0.17314536630459904
age_group,0.75,2,,True,True,age >= 30,0.33066824149366286,age < 30,0.14092905015021956
age_group,0.8,2,,True,True,age >= 30,0.26729659746513423,age < 30,0.1121331176334643
age_group,0.9,2,,True,True,age >= 30,0.13664652705219643,age < 30,0.045851629304367925
area,0.7,3,1.0,True,True,Metropolitian,0.3224551081693939,Other,0.15316901408450703
area,0.75,3,1.0,True,True,Metropolitian,0.26499969357112213,Other,0.11443661971830986
area,0.8,3,1.0,True,True,Metropolitian,0.21379542808114238,Other,0.0818661971830986
area,0.9,3,1.0,True,True,Metropolitian,0.10204081632653061,Other,0.030809859154929578
hour_band,0.7,7,0.9047619047619049,True,True,6_19-21 evening peak,0.4876327658955332,2_08-10 morning,0.01939203354297694
hour_band,0.75,7,1.0,True,True,6_19-21 evening peak,0.42128619234686454,2_08-10 morning,0.00890985324947589
hour_band,0.8,7,0.9047619047619049,True,True,6_19-21 evening peak,0.3602502546195257,2_08-10 morning,0.0
hour_band,0.9,7,0.9047619047619049,True,True,6_19-21 evening peak,0.20245889713371162,2_08-10 morning,0.0
rating_group,0.7,2,,True,True,rating < 4.5,0.814431704885344,rating >= 4.5,0.16955299409614843
rating_group,0.75,2,,True,True,rating < 4.5,0.6461864406779662,rating >= 4.5,0.1442788867022772
rating_group,0.8,2,,True,True,rating < 4.5,0.5,rating >= 4.5,0.12060725330334551
rating_group,0.9,2,,True,True,rating < 4.5,0.211864406779661,rating >= 4.5,0.06457689063817824
traffic,0.7,4,0.6666666666666669,True,True,Jam,0.4926047358834244,Low,0.07620508033868925
traffic,0.75,4,1.0,True,True,Jam,0.42579234972677593,Low,0.06080405360357357
traffic,0.8,4,1.0,True,True,Jam,0.3646630236794171,Low,0.04753650243349557
traffic,0.9,4,0.6666666666666669,True,True,Jam,0.20612021857923496,Low,0.015134342289485965
vehicle,0.7,3,1.0,True,True,motorcycle,0.3288921979701399,van,0.22544009085746736
vehicle,0.75,3,1.0,True,True,motorcycle,0.27708766017477177,van,0.17291311754684838
vehicle,0.8,3,1.0,True,True,motorcycle,0.230063873976253,van,0.13287904599659284
vehicle,0.9,3,1.0,True,True,motorcycle,0.12112543594968454,van,0.047416240772288475
weather,0.7,6,0.8666666666666666,True,True,Fog,0.42876344086021506,Sunny,0.11938400678157672
weather,0.75,6,0.9999999999999999,True,True,Fog,0.3704301075268817,Sunny,0.09692003390788358
weather,0.8,6,0.9999999999999999,True,True,Fog,0.31733870967741934,Sunny,0.0768578694546482
weather,0.9,6,0.8666666666666666,True,True,Fog,0.1575268817204301,Sunny,0.046482057078270696
