percentile,category,threshold_minutes
0.7,Apparel,150.0
0.7,Books,150.0
0.7,Clothing,150.0
0.7,Cosmetics,155.0
0.7,Electronics,150.0
0.7,Grocery,31.0
0.7,Home,150.0
0.7,Jewelry,150.0
0.7,Kitchen,155.0
0.7,Outdoors,150.0
0.7,Pet Supplies,150.0
0.7,Shoes,150.0
0.7,Skincare,155.0
0.7,Snacks,155.0
0.7,Sports,155.0
0.7,Toys,150.0
0.75,Apparel,165.0
0.75,Books,160.0
0.75,Clothing,160.0
0.75,Cosmetics,165.0
0.75,Electronics,160.0
0.75,Grocery,33.0
0.75,Home,160.0
0.75,Jewelry,160.0
0.75,Kitchen,165.0
0.75,Outdoors,160.0
0.75,Pet Supplies,160.0
0.75,Shoes,160.0
0.75,Skincare,165.0
0.75,Snacks,160.0
0.75,Sports,165.0
0.75,Toys,160.0
0.8,Apparel,170.0
0.8,Books,170.0
0.8,Clothing,170.0
0.8,Cosmetics,175.0
0.8,Electronics,170.0
0.8,Grocery,35.0
0.8,Home,170.0
0.8,Jewelry,170.0
0.8,Kitchen,175.0
0.8,Outdoors,170.0
0.8,Pet Supplies,170.0
0.8,Shoes,170.0
0.8,Skincare,170.0
0.8,Snacks,170.0
0.8,Sports,170.0
0.8,Toys,170.0
0.9,Apparel,200.0
0.9,Books,200.0
0.9,Clothing,200.0
0.9,Cosmetics,200.0
0.9,Electronics,195.0
0.9,Grocery,40.0
0.9,Home,200.0
0.9,Jewelry,200.0
0.9,Kitchen,195.0
0.9,Outdoors,200.0
0.9,Pet Supplies,195.0
0.9,Shoes,195.0
0.9,Skincare,200.0
0.9,Snacks,200.0
0.9,Sports,195.0
0.9,Toys,200.0
