percentile,term,odds_ratio,or_ci_low,or_ci_high,n_events
0.7,traffic[Jam],57.25344672565188,50.78204583148879,64.54952943101932,12414
0.7,traffic[Medium],23.1624564235366,20.522114459117184,26.14250050310415,12414
0.7,traffic[High],20.256798774531646,17.64786548283829,23.25141796841668,12414
0.7,weather[Fog],12.02421976489551,10.68742483399691,13.528222485793398,12414
0.7,weather[Cloudy],11.4468767585355,10.170884384637032,12.88294926673442,12414
0.7,rating_lt_4_5,79.2066413440694,70.79598923677099,88.61648944583895,12414
0.7,age_ge_30,3.6008539511774624,3.376563365235122,3.8400431963483865,12414
0.7,vehicle[scooter],0.46936275504269,0.43640672183248813,0.5048075219744793,12414
0.7,vehicle[van],0.41384750342713544,0.3632627043278069,0.4714763009040414,12414
0.7,prep_per_5min,1.0115729391364283,0.9738119197393269,1.0507981987600101,12414
0.75,traffic[Jam],21.254694524641234,19.349979997230786,23.34689955237507,10165
0.75,traffic[Medium],8.650769646503392,7.848637618514681,9.53487969686983,10165
0.75,traffic[High],6.409896899114294,5.687489104406762,7.224062763555946,10165
0.75,weather[Fog],8.675675820631986,7.7452882626034585,9.717824358857177,10165
0.75,weather[Cloudy],8.070385477992685,7.2024153713063725,9.042955509462894,10165
0.75,rating_lt_4_5,14.961804556057468,13.9143202242919,16.0881445852346,10165
0.75,age_ge_30,3.013482079745828,2.8318057373695114,3.2068139862534246,10165
0.75,vehicle[scooter],0.4192252919382045,0.391232463497446,0.4492210176771798,10165
0.75,vehicle[van],0.36894328529669956,0.32589243123698997,0.4176812184586625,10165
0.75,prep_per_5min,0.9950102000323884,0.9597237706815538,1.0315940152919278,10165
0.8,traffic[Jam],16.829966297811954,15.29265865802397,18.521813107812207,8150
0.8,traffic[Medium],6.3277680705427075,5.719686561765323,7.000497024127427,8150
0.8,traffic[High],3.561884768485824,3.1276443679345425,4.056414864184084,8150
0.8,weather[Fog],8.040520489038652,7.142950720128613,9.050877188956207,8150
0.8,weather[Cloudy],7.498985473058962,6.659387782973677,8.444437380404107,8150
0.8,rating_lt_4_5,8.08701085006754,7.549137523693554,8.663207456990675,8150
0.8,age_ge_30,2.8802055488981257,2.699755676416682,3.0727165707506074,8150
0.8,vehicle[scooter],0.3695897873785894,0.34405955069283106,0.39701444316685003,8150
0.8,vehicle[van],0.35197391882471657,0.30982903059238737,0.39985161912026485,8150
0.8,prep_per_5min,0.989849535438198,0.9539702092953884,1.0270783020896508,8150
0.9,traffic[Jam],18.830972138555065,16.320853512983756,21.727142603230718,3845
0.9,traffic[Medium],4.721050207875549,4.033885524335233,5.525272080931147,3845
0.9,traffic[High],4.131077352624276,3.4203442952598504,4.989497728932189,3845
0.9,weather[Fog],4.606886059434486,3.997318206716848,5.309409475820391,3845
0.9,weather[Cloudy],4.371829018362226,3.79069329360192,5.0420562903502395,3845
0.9,rating_lt_4_5,3.05717542813078,2.818443233712021,3.31612909090139,3845
0.9,age_ge_30,3.4022703780258814,3.1266636327432495,3.702171095083994,3845
0.9,vehicle[scooter],0.3026826413434877,0.2755505548186225,0.3324862888807318,3845
0.9,vehicle[van],0.27165530868289295,0.22776625078102786,0.3240014992675327,3845
0.9,prep_per_5min,0.9613199889217227,0.9181175413817837,1.0065553477059366,3845
