percentile,contrast,rate_exposed,rate_reference,risk_ratio,rr_ci_low,rr_ci_high
0.7,Jam vs Low traffic,0.4926047358834244,0.07620508033868925,6.464198104562977,6.098416929872266,6.851918721783886
0.7,Cloudy/Fog vs Sunny weather,0.42796034763715374,0.11938400678157672,3.584737681154762,3.3558850166898853,3.8291968225317508
0.7,rating < 4.5 vs >= 4.5,0.814431704885344,0.16955299409614843,4.80340503113442,4.683593447943308,4.926281529251711
0.7,age >= 30 vs < 30,0.40117203470676416,0.17314536630459904,2.316966623299744,2.241098154719393,2.395403486536352
0.7,peak (17-23h) vs off-peak,0.3449676354867369,0.14053742169469172,2.45463187901765,2.342963294645602,2.571622728900282
0.7,motorcycle vs scooter/van,0.3288921979701399,0.23079044624634562,1.4250685126674634,1.380417451331543,1.4711638597710701
0.7,prep 15 vs 5 min,0.2836806271920776,0.28719983580762126,0.9877464811020958,0.9525125749175942,1.024283706715347
0.75,Jam vs Low traffic,0.42579234972677593,0.06080405360357357,7.002696769245518,6.55656163345081,7.479188755248894
0.75,Cloudy/Fog vs Sunny weather,0.36705594785442697,0.09692003390788358,3.7872040800490296,3.516337765649176,4.078935443589865
0.75,rating < 4.5 vs >= 4.5,0.6461864406779662,0.1442788867022772,4.4787318189624425,4.34617227563986,4.615334467668671
0.75,age >= 30 vs < 30,0.33066824149366286,0.14092905015021956,2.346345491871235,2.2591075994699326,2.4369521701915473
0.75,peak (17-23h) vs off-peak,0.29102678004822946,0.09528519617540389,3.054270670886782,2.8836763298658687,3.2349571394072174
0.75,motorcycle vs scooter/van,0.27708766017477177,0.1796569033040984,1.5423156866160386,1.4864681022291195,1.600261501484444
0.75,prep 15 vs 5 min,0.23285881301148476,0.23780529520421428,0.9791994447033581,0.9395030192290537,1.020573146528227
0.8,Jam vs Low traffic,0.3646630236794171,0.04753650243349557,7.671221167135452,7.117197767895901,8.268371361065114
0.8,Cloudy/Fog vs Sunny weather,0.31375611080934274,0.0768578694546482,4.082289985861265,3.7526430832074396,4.440894366756368
0.8,rating < 4.5 vs >= 4.5,0.5,0.12060725330334551,4.145687645687646,4.000762844108514,4.295862245600533
0.8,age >= 30 vs < 30,0.26729659746513423,0.1121331176334643,2.38374356395638,2.2824837138391754,2.489495694646537
0.8,peak (17-23h) vs off-peak,0.24219444091889833,0.055802835476425984,4.340181620720937,4.023532070803406,4.681751299445334
0.8,motorcycle vs scooter/van,0.230063873976253,0.13453582657620386,1.7100565688050393,1.6377426548352674,1.7855634765813706
0.8,prep 15 vs 5 min,0.1873323705384774,0.19189984264897036,0.9761986667240372,0.9309476577179665,1.0236492127278023
0.9,Jam vs Low traffic,0.20612021857923496,0.015134342289485965,13.619370742158349,11.920793202645365,15.55997627500132
0.9,Cloudy/Fog vs Sunny weather,0.155893536121673,0.046482057078270696,3.3538433090249287,2.998461371815661,3.7513456225317685
0.9,rating < 4.5 vs >= 4.5,0.211864406779661,0.06457689063817824,3.2808084236624038,3.0964340033312765,3.476161255558534
0.9,age >= 30 vs < 30,0.13664652705219643,0.045851629304367925,2.9801891257805138,2.780756787851044,3.193924497181224
0.9,peak (17-23h) vs off-peak,0.11790836400558447,0.023409165842400263,5.036846028576587,4.472493982033417,5.6724096259271795
0.9,motorcycle vs scooter/van,0.12112543594968454,0.050140658613271556,2.4157129024552595,2.24911196451052,2.594654654446625
0.9,prep 15 vs 5 min,0.08857712674506568,0.09461585824724636,0.9361763280062365,0.8708444853526123,1.006409447221071
