percentile,variable,level,n,breaches,breach_rate
0.7,traffic,Jam,13725,6761,0.4926047358834244
0.7,traffic,High,4296,1353,0.3149441340782123
0.7,traffic,Medium,10628,3320,0.312382386149793
0.7,traffic,Low,14999,1143,0.07620508033868925
0.7,weather,Fog,7440,3190,0.42876344086021506
0.7,weather,Cloudy,7288,3113,0.4271405049396268
0.7,weather,Windy,7223,1849,0.25598781669666343
0.7,weather,Sandstorms,7245,1783,0.2461007591442374
0.7,weather,Stormy,7374,1797,0.2436940602115541
0.7,weather,Sunny,7078,845,0.11938400678157672
0.7,area,Semi-Urban,152,152,1.0
0.7,area,Metropolitian,32634,10523,0.3224551081693939
0.7,area,Urban,9726,1728,0.17766810610734116
0.7,area,Other,1136,174,0.15316901408450703
0.7,vehicle,motorcycle,25519,8393,0.3288921979701399
0.7,vehicle,scooter,14607,3390,0.23208050934483468
0.7,vehicle,van,3522,794,0.22544009085746736
0.7,rating_group,rating < 4.5,8024,6535,0.814431704885344
0.7,rating_group,no rating,54,11,0.2037037037037037
0.7,rating_group,rating >= 4.5,35570,6031,0.16955299409614843
0.7,age_group,age >= 30,22013,8831,0.40117203470676416
0.7,age_group,age < 30,21635,3746,0.17314536630459904
0.7,hour_band,6_19-21 evening peak,13746,6703,0.4876327658955332
0.7,hour_band,5_17-18 early evening,8714,2982,0.3422079412439752
0.7,hour_band,3_11-14 midday,4402,1331,0.3023625624716038
0.7,hour_band,4_15-16 afternoon,1577,222,0.14077362079898542
0.7,hour_band,7_22-23 late evening,9056,1187,0.1310733215547703
0.7,hour_band,1_00-07 overnight,429,41,0.09557109557109557
0.7,hour_band,2_08-10 morning,5724,111,0.01939203354297694
0.75,traffic,Jam,13725,5844,0.42579234972677593
0.75,traffic,Medium,10628,2611,0.2456718103123824
0.75,traffic,High,4296,961,0.22369646182495345
0.75,traffic,Low,14999,912,0.06080405360357357
0.75,weather,Fog,7440,2756,0.3704301075268817
0.75,weather,Cloudy,7288,2650,0.36361141602634467
0.75,weather,Windy,7223,1449,0.2006091651668282
0.75,weather,Stormy,7374,1406,0.19066992134526717
0.75,weather,Sandstorms,7245,1381,0.19061421670117323
0.75,weather,Sunny,7078,686,0.09692003390788358
0.75,area,Semi-Urban,152,152,1.0
0.75,area,Metropolitian,32634,8648,0.26499969357112213
0.75,area,Urban,9726,1398,0.14373843306600864
0.75,area,Other,1136,130,0.11443661971830986
0.75,vehicle,motorcycle,25519,7071,0.27708766017477177
0.75,vehicle,scooter,14607,2648,0.18128294653248442
0.75,vehicle,van,3522,609,0.17291311754684838
0.75,rating_group,rating < 4.5,8024,5185,0.6461864406779662
0.75,rating_group,no rating,54,11,0.2037037037037037
0.75,rating_group,rating >= 4.5,35570,5132,0.1442788867022772
0.75,age_group,age >= 30,22013,7279,0.33066824149366286
0.75,age_group,age < 30,21635,3049,0.14092905015021956
0.75,hour_band,6_19-21 evening peak,13746,5791,0.42128619234686454
0.75,hour_band,5_17-18 early evening,8714,2384,0.27358274041771863
0.75,hour_band,3_11-14 midday,4402,945,0.21467514766015447
0.75,hour_band,7_22-23 late evening,9056,997,0.11009275618374559
0.75,hour_band,4_15-16 afternoon,1577,127,0.08053265694356374
0.75,hour_band,1_00-07 overnight,429,33,0.07692307692307693
0.75,hour_band,2_08-10 morning,5724,51,0.00890985324947589
0.8,traffic,Jam,13725,5005,0.3646630236794171
0.8,traffic,Medium,10628,1985,0.1867707941287166
0.8,traffic,High,4296,607,0.14129422718808193
0.8,traffic,Low,14999,713,0.04753650243349557
0.8,weather,Fog,7440,2361,0.31733870967741934
0.8,weather,Cloudy,7288,2260,0.31009879253567507
0.8,weather,Windy,7223,1062,0.14703031981171258
0.8,weather,Stormy,7374,1052,0.14266341198806617
0.8,weather,Sandstorms,7245,1031,0.14230503795721186
0.8,weather,Sunny,7078,544,0.0768578694546482
0.8,area,Semi-Urban,152,152,1.0
0.8,area,Metropolitian,32634,6977,0.21379542808114238
0.8,area,Urban,9726,1088,0.11186510384536294
0.8,area,Other,1136,93,0.0818661971830986
0.8,vehicle,motorcycle,25519,5871,0.230063873976253
0.8,vehicle,scooter,14607,1971,0.13493530499075784
0.8,vehicle,van,3522,468,0.13287904599659284
0.8,rating_group,rating < 4.5,8024,4012,0.5
0.8,rating_group,no rating,54,8,0.14814814814814814
0.8,rating_group,rating >= 4.5,35570,4290,0.12060725330334551
0.8,age_group,age >= 30,22013,5884,0.26729659746513423
0.8,age_group,age < 30,21635,2426,0.1121331176334643
0.8,hour_band,6_19-21 evening peak,13746,4952,0.3602502546195257
0.8,hour_band,5_17-18 early evening,8714,1850,0.21230204268992425
0.8,hour_band,3_11-14 midday,4402,597,0.135620172648796
0.8,hour_band,7_22-23 late evening,9056,831,0.09176236749116608
0.8,hour_band,1_00-07 overnight,429,30,0.06993006993006994
0.8,hour_band,4_15-16 afternoon,1577,50,0.03170577045022194
0.8,hour_band,2_08-10 morning,5724,0,0.0
0.9,traffic,Jam,13725,2829,0.20612021857923496
0.9,traffic,High,4296,273,0.06354748603351955
0.9,traffic,Medium,10628,671,0.0631351147911178
0.9,traffic,Low,14999,227,0.015134342289485965
0.9,weather,Fog,7440,1172,0.1575268817204301
0.9,weather,Cloudy,7288,1124,0.15422612513721184
0.9,weather,Windy,7223,476,0.06590059532050395
0.9,weather,Sandstorms,7245,467,0.06445824706694273
0.9,weather,Stormy,7374,432,0.05858421480878763
0.9,weather,Sunny,7078,329,0.046482057078270696
0.9,area,Semi-Urban,152,152,1.0
0.9,area,Metropolitian,32634,3330,0.10204081632653061
0.9,area,Urban,9726,483,0.04966070326958667
0.9,area,Other,1136,35,0.030809859154929578
0.9,vehicle,motorcycle,25519,3091,0.12112543594968454
0.9,vehicle,scooter,14607,742,0.05079756281235024
0.9,vehicle,van,3522,167,0.047416240772288475
0.9,rating_group,rating < 4.5,8024,1700,0.211864406779661
0.9,rating_group,rating >= 4.5,35570,2297,0.06457689063817824
0.9,rating_group,no rating,54,3,0.05555555555555555
0.9,age_group,age >= 30,22013,3008,0.13664652705219643
0.9,age_group,age < 30,21635,992,0.045851629304367925
0.9,hour_band,6_19-21 evening peak,13746,2783,0.20245889713371162
0.9,hour_band,5_17-18 early evening,8714,639,0.07333027312370897
0.9,hour_band,3_11-14 midday,4402,271,0.0615629259427533
0.9,hour_band,7_22-23 late evening,9056,294,0.032464664310954065
0.9,hour_band,1_00-07 overnight,429,11,0.02564102564102564
0.9,hour_band,4_15-16 afternoon,1577,2,0.0012682308180088776
0.9,hour_band,2_08-10 morning,5724,0,0.0
