order_hour,hour_band,n,breaches,breach_rate_pct,share_of_deliveries_pct,share_of_breaches_pct,lift
0,1_00-07 overnight,429,33,7.6923,0.9829,0.3195,0.3251
8,2_08-10 morning,1810,27,1.4917,4.1468,0.2614,0.063
9,2_08-10 morning,1934,8,0.4137,4.4309,0.0775,0.0175
10,2_08-10 morning,1980,16,0.8081,4.5363,0.1549,0.0342
11,3_11-14 midday,1950,393,20.1538,4.4676,3.8052,0.8517
12,3_11-14 midday,888,194,21.8468,2.0345,1.8784,0.9233
13,3_11-14 midday,779,174,22.3363,1.7847,1.6847,0.944
14,3_11-14 midday,785,184,23.4395,1.7985,1.7816,0.9906
15,4_15-16 afternoon,871,75,8.6108,1.9955,0.7262,0.3639
16,4_15-16 afternoon,706,52,7.3654,1.6175,0.5035,0.3113
17,5_17-18 early evening,4247,1174,27.643,9.7301,11.3672,1.1682
18,5_17-18 early evening,4467,1210,27.0875,10.2341,11.7157,1.1448
19,6_19-21 evening peak,4579,1911,41.734,10.4907,18.5031,1.7638
20,6_19-21 evening peak,4504,1930,42.8508,10.3189,18.6871,1.811
21,6_19-21 evening peak,4663,1950,41.8186,10.6832,18.8807,1.7673
22,7_22-23 late evening,4558,548,12.0228,10.4426,5.306,0.5081
23,7_22-23 late evening,4498,449,9.9822,10.3052,4.3474,0.4219
