agent_rating,n,prev_rating,prev_n,prev_breach_rate_pct,breach_rate_pct,jump_pts,step_rank
3.5,249,,,,78.7149,,16
3.6,207,3.5,249.0,78.7149,81.1594,2.4446,7
3.7,225,3.6,207.0,81.1594,75.1111,-6.0483,3
3.8,228,3.7,225.0,75.1111,81.1404,6.0292,4
3.9,197,3.8,228.0,81.1404,79.6954,-1.4449,10
4.0,1077,3.9,197.0,79.6954,62.3027,-17.3927,2
4.1,1430,4.0,1077.0,62.3027,61.8182,-0.4845,14
4.2,1418,4.1,1430.0,61.8182,60.2962,-1.522,9
4.3,1409,4.2,1418.0,60.2962,62.1008,1.8046,8
4.4,1361,4.3,1409.0,62.1008,63.1888,1.0881,12
4.5,3303,4.4,1361.0,63.1888,10.4753,-52.7135,1
4.6,6940,4.5,3303.0,10.4753,14.9856,4.5103,6
4.7,7142,4.6,6940.0,14.9856,13.8337,-1.1519,11
4.8,7148,4.7,7142.0,13.8337,13.4583,-0.3754,15
4.9,7041,4.8,7148.0,13.4583,14.2167,0.7584,13
5.0,3996,4.9,7041.0,14.2167,19.8949,5.6782,5
