agent_age,n,prev_age,prev_n,prev_breach_rate_pct,breach_rate_pct,jump_pts,step_rank
20,2136,,,,13.8577,,20
21,2153,20.0,2136.0,13.8577,14.1663,0.3086,15
22,2196,21.0,2153.0,14.1663,13.2058,-0.9605,8
23,2087,22.0,2196.0,13.2058,14.3268,1.121,6
24,2210,23.0,2087.0,14.3268,14.3891,0.0624,18
25,2174,24.0,2210.0,14.3891,14.0754,-0.3137,14
26,2159,25.0,2174.0,14.0754,13.9416,-0.1338,17
27,2150,26.0,2159.0,13.9416,13.907,-0.0347,19
28,2179,27.0,2150.0,13.907,14.8233,0.9163,9
29,2191,28.0,2179.0,14.8233,14.2401,-0.5832,12
30,2226,29.0,2191.0,14.2401,31.7161,17.476,1
31,2120,30.0,2226.0,31.7161,34.3868,2.6707,3
32,2202,31.0,2120.0,34.3868,33.9691,-0.4177,13
33,2187,32.0,2202.0,33.9691,32.6017,-1.3674,4
34,2166,33.0,2187.0,32.6017,32.7793,0.1776,16
35,2262,34.0,2166.0,32.7793,33.9965,1.2171,5
36,2260,35.0,2262.0,33.9965,32.9204,-1.0761,7
37,2227,36.0,2260.0,32.9204,32.2407,-0.6797,10
38,2219,37.0,2227.0,32.2407,31.6359,-0.6048,11
39,2144,38.0,2219.0,31.6359,34.5149,2.8791,2
